[
  {
    "name": "Seadex Dubs",
    "id": "seadex-dub",
    "version": "0.0.1",
    "type": "torrent",
    "accuracy": "high",
    "ratio": 0,
    "media": "dub",
    "languages": [
      "US"
    ],
    "icon": "https://releases.moe/favicon.png",
    "update": "gh:hayase-app/extensions/dub",
    "code": "gh:hayase-app/extensions/dub/seadex"
  },
  {
    "name": "AnimeTosho Dubs",
    "id": "animetosho-dub",
    "version": "0.0.2",
    "type": "torrent",
    "accuracy": "high",
    "ratio": 0,
    "media": "dub",
    "languages": [
      "US"
    ],
    "icon": "https://animetosho.org/inc/favicon.ico",
    "update": "gh:hayase-app/extensions/dub",
    "code": "gh:hayase-app/extensions/dub/animetosho"
  }
]